0.jpg,1
1.jpg,1
10.jpg,1
100.jpg,1
1001.jpg,1
1003.jpg,1
1004.jpg,1
1006.jpg,1
1007.jpg,1
101.jpg,1
1012.jpg,1
1015.jpg,1
1017.jpg,1
1018.jpg,1
1019.jpg,1
102.jpg,1
1020.jpg,1
1021.jpg,0
1022.jpg,1
1023.jpg,1
1024.jpg,1
1025.jpg,1
1026.jpg,1
1027.jpg,1
1029.jpg,1
103.jpg,1
1030.jpg,1
1031.jpg,1
1032.jpg,1
1033.jpg,1
1034.jpg,1
1035.jpg,1
1038.jpg,1
1039.jpg,1
104.jpg,1
1041.jpg,1
1042.jpg,1
1045.jpg,1
1046.jpg,1
1048.jpg,1
1049.jpg,1
105.jpg,1
1050.jpg,1
1052.jpg,1
1053.jpg,1
1056.jpg,1
1059.jpg,1
106.jpg,1
1060.jpg,1
1061.jpg,1
1062.jpg,1
1064.jpg,1
1065.jpg,1
1066.jpg,1
1069.jpg,1
107.jpg,1
1070.jpg,1
1071.jpg,1
1072.jpg,1
1073.jpg,1
1074.jpg,0
1076.jpg,1
1079.jpg,1
108.jpg,1
1080.jpg,1
1081.jpg,1
1082.jpg,1
1083.jpg,0
1084.jpg,0
1085.jpg,0
1086.jpg,0
1087.jpg,0
1088.jpg,0
1092.jpg,0
1093.jpg,0
1094.jpg,0
1097.jpg,0
1098.jpg,0
1099.jpg,0
11.jpg,1
1100.jpg,0
1103.jpg,0
1105.jpg,0
1107.jpg,0
1109.jpg,0
1112.jpg,0
1114.jpg,0
1115.jpg,0
1116.jpg,0
1117.jpg,0
1119.jpg,0
1122.jpg,0
1123.jpg,0
1125.jpg,0
1126.jpg,0
1127.jpg,0
1128.jpg,0
1129.jpg,0
113.jpg,1
1130.jpg,0
1131.jpg,0
1132.jpg,0
1133.jpg,0
1134.jpg,0
1135.jpg,0
1137.jpg,0
1138.jpg,0
1139.jpg,0
1140.jpg,0
1144.jpg,0
1145.jpg,0
1147.jpg,0
1148.jpg,0
1149.jpg,0
115.jpg,1
1150.jpg,0
1151.jpg,0
1154.jpg,0
1155.jpg,0
1158.jpg,0
1159.jpg,0
1161.jpg,0
1162.jpg,0
1163.jpg,0
1164.jpg,0
1165.jpg,0
1167.jpg,0
1168.jpg,0
1169.jpg,0
117.jpg,1
1172.jpg,0
1174.jpg,0
1175.jpg,0
1176.jpg,0
1178.jpg,0
1179.jpg,0
118.jpg,1
1180.jpg,0
1181.jpg,0
1182.jpg,0
1183.jpg,0
1184.jpg,0
1185.jpg,0
1186.jpg,0
1187.jpg,0
1188.jpg,0
1189.jpg,0
119.jpg,1
1190.jpg,0
1191.jpg,0
1192.jpg,0
1194.jpg,0
1196.jpg,0
1198.jpg,0
1199.jpg,0
12.jpg,1
120.jpg,1
1204.jpg,0
1205.jpg,0
1207.jpg,0
1208.jpg,0
1210.jpg,0
1211.jpg,0
1214.jpg,0
1215.jpg,0
1218.jpg,0
1219.jpg,0
122.jpg,1
1220.jpg,0
1221.jpg,0
1222.jpg,0
1223.jpg,0
1224.jpg,0
1225.jpg,0
1226.jpg,0
1229.jpg,0
123.jpg,1
1230.jpg,0
1231.jpg,0
1232.jpg,0
1234.jpg,0
1235.jpg,0
1239.jpg,0
124.jpg,1
1240.jpg,0
1241.jpg,0
1242.jpg,0
1244.jpg,0
1245.jpg,0
1247.jpg,0
1249.jpg,0
1252.jpg,0
1253.jpg,0
1256.jpg,0
1257.jpg,0
1258.jpg,0
1261.jpg,0
1263.jpg,0
1264.jpg,0
1266.jpg,0
1267.jpg,0
1268.jpg,0
1269.jpg,0
1270.jpg,0
1271.jpg,0
1272.jpg,0
1273.jpg,0
1276.jpg,0
1277.jpg,0
1278.jpg,0
1279.jpg,0
128.jpg,1
1280.jpg,0
1281.jpg,0
1282.jpg,0
1283.jpg,0
1284.jpg,0
1285.jpg,0
1286.jpg,0
1287.jpg,0
1288.jpg,0
1289.jpg,0
129.jpg,0
1291.jpg,0
1296.jpg,0
1297.jpg,0
1298.jpg,0
1299.jpg,0
13.jpg,1
130.jpg,1
1300.jpg,0
1302.jpg,0
1305.jpg,0
1309.jpg,0
1310.jpg,0
1313.jpg,0
1315.jpg,0
1319.jpg,0
132.jpg,1
1320.jpg,0
1322.jpg,0
1323.jpg,0
1324.jpg,0
1325.jpg,0
1327.jpg,0
1329.jpg,0
133.jpg,1
1330.jpg,0
1331.jpg,0
1332.jpg,0
1333.jpg,0
1334.jpg,0
1337.jpg,0
1338.jpg,0
1339.jpg,0
134.jpg,1
1340.jpg,0
1341.jpg,1
1342.jpg,1
1343.jpg,1
1344.jpg,1
1345.jpg,1
1346.jpg,1
1347.jpg,1
1348.jpg,1
1349.jpg,1
135.jpg,1
1350.jpg,1
1351.jpg,1
1352.jpg,1
1353.jpg,1
1354.jpg,1
1355.jpg,1
1356.jpg,1
1357.jpg,1
1358.jpg,1
1359.jpg,1
136.jpg,1
1363.jpg,1
1364.jpg,1
1366.jpg,1
1368.jpg,1
1369.jpg,1
137.jpg,1
1370.jpg,1
1373.jpg,1
1376.jpg,1
1378.jpg,1
1379.jpg,1
138.jpg,1
1380.jpg,1
1384.jpg,1
1385.jpg,1
1387.jpg,1
1388.jpg,1
1389.jpg,1
1391.jpg,1
1393.jpg,1
1394.jpg,1
1396.jpg,1
140.jpg,1
1400.jpg,1
1401.jpg,1
1402.jpg,1
1403.jpg,1
1404.jpg,1
1407.jpg,1
1409.jpg,1
1410.jpg,0
1411.jpg,0
1412.jpg,0
1416.jpg,1
1417.jpg,1
1418.jpg,1
1419.jpg,1
142.jpg,1
1420.jpg,1
1421.jpg,1
1423.jpg,1
1425.jpg,1
1426.jpg,1
1427.jpg,1
1428.jpg,1
1429.jpg,1
143.jpg,1
1430.jpg,1
1433.jpg,1
1436.jpg,1
1437.jpg,1
1438.jpg,1
1439.jpg,1
144.jpg,1
1440.jpg,1
1443.jpg,1
1444.jpg,1
1446.jpg,1
1447.jpg,1
1448.jpg,1
145.jpg,1
1450.jpg,1
1451.jpg,1
1452.jpg,1
1454.jpg,1
1455.jpg,1
1456.jpg,1
1457.jpg,1
1458.jpg,1
1459.jpg,1
146.jpg,1
1460.jpg,1
1461.jpg,1
1462.jpg,1
1465.jpg,1
1467.jpg,1
1468.jpg,1
1469.jpg,1
147.jpg,1
1471.jpg,1
1472.jpg,1
1473.jpg,1
1474.jpg,1
1475.jpg,1
1476.jpg,1
1477.jpg,1
1479.jpg,1
148.jpg,1
1480.jpg,1
1481.jpg,1
1482.jpg,1
1484.jpg,1
1487.jpg,1
1488.jpg,1
149.jpg,1
1490.jpg,1
1491.jpg,1
1492.jpg,1
1494.jpg,1
1495.jpg,1
1496.jpg,1
1497.jpg,1
1498.jpg,1
1499.jpg,1
15.jpg,1
150.jpg,1
1500.jpg,1
1501.jpg,1
1504.jpg,1
1505.jpg,1
1506.jpg,1
1507.jpg,1
1509.jpg,1
1511.jpg,1
1512.jpg,1
1513.jpg,1
1514.jpg,1
1515.jpg,1
1517.jpg,1
1518.jpg,1
1519.jpg,1
152.jpg,1
1521.jpg,1
1522.jpg,1
1524.jpg,0
1525.jpg,0
1526.jpg,0
1527.jpg,0
1529.jpg,0
153.jpg,1
1530.jpg,0
1531.jpg,0
1532.jpg,0
1533.jpg,0
1534.jpg,0
1536.jpg,0
1537.jpg,0
1538.jpg,0
1539.jpg,0
1540.jpg,0
1541.jpg,0
1542.jpg,0
1544.jpg,0
1545.jpg,0
1546.jpg,0
1548.jpg,0
1549.jpg,0
155.jpg,1
1550.jpg,0
1551.jpg,0
1555.jpg,0
1556.jpg,0
1557.jpg,0
1559.jpg,0
156.jpg,1
1560.jpg,0
1561.jpg,0
1564.jpg,0
1565.jpg,0
1566.jpg,0
1567.jpg,0
157.jpg,1
1570.jpg,0
1572.jpg,0
1573.jpg,0
1574.jpg,0
1575.jpg,0
1576.jpg,0
1579.jpg,0
1580.jpg,0
1581.jpg,0
1582.jpg,0
1583.jpg,0
1585.jpg,0
1587.jpg,0
1588.jpg,0
1589.jpg,0
159.jpg,1
1590.jpg,0
1592.jpg,0
1593.jpg,0
1594.jpg,0
1595.jpg,0
1596.jpg,0
1598.jpg,0
1599.jpg,0
16.jpg,1
1600.jpg,0
1601.jpg,0
1604.jpg,0
1606.jpg,0
1607.jpg,0
1608.jpg,0
161.jpg,1
1610.jpg,0
1612.jpg,0
1613.jpg,0
1615.jpg,0
1616.jpg,0
1619.jpg,0
162.jpg,1
1621.jpg,0
1623.jpg,0
1624.jpg,0
1625.jpg,0
1626.jpg,0
1627.jpg,0
163.jpg,1
1631.jpg,0
1632.jpg,0
1633.jpg,0
1634.jpg,0
1635.jpg,0
1636.jpg,0
1637.jpg,0
1638.jpg,0
1639.jpg,0
164.jpg,1
1641.jpg,0
1644.jpg,0
1645.jpg,0
1646.jpg,0
1647.jpg,0
1648.jpg,0
1649.jpg,0
165.jpg,1
1650.jpg,0
1651.jpg,0
1652.jpg,0
1653.jpg,0
1654.jpg,0
1656.jpg,0
1657.jpg,0
1658.jpg,0
1660.jpg,0
1661.jpg,0
1663.jpg,0
1665.jpg,0
1667.jpg,0
1668.jpg,0
167.jpg,1
1670.jpg,0
1673.jpg,0
1674.jpg,0
1675.jpg,0
1676.jpg,0
1679.jpg,0
168.jpg,1
1680.jpg,0
1681.jpg,0
1682.jpg,0
1683.jpg,0
1684.jpg,0
1686.jpg,0
1688.jpg,0
1689.jpg,0
169.jpg,1
1692.jpg,0
1694.jpg,0
1695.jpg,0
1696.jpg,1
1697.jpg,1
1698.jpg,1
1699.jpg,1
17.jpg,1
170.jpg,1
1700.jpg,1
1703.jpg,1
1704.jpg,1
1705.jpg,1
1707.jpg,1
1708.jpg,1
1709.jpg,1
1710.jpg,1
1711.jpg,1
1713.jpg,1
1714.jpg,1
1715.jpg,1
1716.jpg,1
1718.jpg,1
1719.jpg,1
172.jpg,1
1721.jpg,1
1722.jpg,0
1723.jpg,0
1724.jpg,0
1725.jpg,0
1727.jpg,0
1728.jpg,0
1729.jpg,0
173.jpg,1
1730.jpg,0
1731.jpg,0
1732.jpg,0
1733.jpg,0
1735.jpg,0
1737.jpg,0
1739.jpg,0
174.jpg,1
1740.jpg,0
1741.jpg,0
1742.jpg,0
1743.jpg,0
1745.jpg,0
1746.jpg,0
1747.jpg,0
1748.jpg,0
1749.jpg,0
175.jpg,1
1751.jpg,0
1753.jpg,0
1755.jpg,1
1756.jpg,1
1757.jpg,1
1758.jpg,1
1759.jpg,1
176.jpg,1
1760.jpg,1
1761.jpg,1
1764.jpg,1
1765.jpg,1
1767.jpg,1
1768.jpg,1
1769.jpg,1
177.jpg,1
1772.jpg,1
1773.jpg,1
1774.jpg,1
1775.jpg,1
1778.jpg,1
1779.jpg,1
178.jpg,1
1780.jpg,1
1781.jpg,1
1782.jpg,1
1783.jpg,1
1785.jpg,1
1786.jpg,1
1787.jpg,1
1788.jpg,1
1789.jpg,1
179.jpg,1
1790.jpg,1
1791.jpg,1
1792.jpg,1
1795.jpg,1
1796.jpg,1
1797.jpg,1
1798.jpg,1
18.jpg,1
180.jpg,1
1802.jpg,1
1803.jpg,1
1804.jpg,1
1806.jpg,1
1807.jpg,1
1808.jpg,1
1809.jpg,1
181.jpg,1
1810.jpg,1
1811.jpg,1
1812.jpg,1
1814.jpg,1
1815.jpg,1
1816.jpg,1
1817.jpg,1
1818.jpg,1
1824.jpg,1
1827.jpg,1
1829.jpg,1
183.jpg,1
1830.jpg,1
1831.jpg,1
1832.jpg,1
1833.jpg,1
1834.jpg,1
1836.jpg,1
1839.jpg,1
184.jpg,1
1840.jpg,1
1841.jpg,1
1844.jpg,1
1845.jpg,1
1846.jpg,1
1847.jpg,1
1849.jpg,1
185.jpg,1
1851.jpg,1
1854.jpg,0
186.jpg,1
1860.jpg,1
1861.jpg,1
1862.jpg,1
1863.jpg,1
1867.jpg,1
1871.jpg,1
1873.jpg,1
1875.jpg,1
1876.jpg,1
1878.jpg,1
188.jpg,1
1882.jpg,1
1883.jpg,1
1885.jpg,1
1889.jpg,1
1891.jpg,1
1892.jpg,1
1895.jpg,1
1896.jpg,1
1899.jpg,1
1900.jpg,1
1901.jpg,1
1902.jpg,1
1903.jpg,1
1905.jpg,1
1906.jpg,1
1907.jpg,1
1908.jpg,1
1910.jpg,1
1911.jpg,1
1912.jpg,1
1913.jpg,1
1914.jpg,1
1915.jpg,1
1916.jpg,1
1919.jpg,1
192.jpg,1
1920.jpg,1
1922.jpg,1
1923.jpg,1
1924.jpg,0
1925.jpg,0
1926.jpg,0
1927.jpg,0
1928.jpg,0
1929.jpg,0
1930.jpg,0
1931.jpg,0
1933.jpg,0
1934.jpg,0
1936.jpg,0
1937.jpg,0
194.jpg,1
1940.jpg,0
1941.jpg,0
1942.jpg,0
1944.jpg,0
1946.jpg,0
1947.jpg,0
1948.jpg,0
1950.jpg,0
1952.jpg,0
1953.jpg,0
1954.jpg,0
1957.jpg,0
1958.jpg,0
196.jpg,1
1961.jpg,0
1962.jpg,0
1963.jpg,0
1964.jpg,0
1965.jpg,0
1966.jpg,0
1968.jpg,0
197.jpg,1
1970.jpg,0
1971.jpg,0
1973.jpg,0
1974.jpg,0
1975.jpg,0
1976.jpg,0
1977.jpg,0
1979.jpg,0
198.jpg,1
1980.jpg,0
1981.jpg,0
1982.jpg,0
1983.jpg,0
1984.jpg,0
1985.jpg,0
1986.jpg,0
1987.jpg,0
1989.jpg,0
199.jpg,1
1990.jpg,0
1991.jpg,0
1992.jpg,0
1993.jpg,0
1996.jpg,0
1998.jpg,0
1999.jpg,0
2.jpg,1
20.jpg,1
200.jpg,1
2001.jpg,0
2002.jpg,0
2004.jpg,0
2005.jpg,0
2006.jpg,0
2007.jpg,0
2008.jpg,0
2011.jpg,0
2013.jpg,0
2017.jpg,0
2018.jpg,0
2019.jpg,0
2020.jpg,0
2024.jpg,0
2029.jpg,0
2031.jpg,0
2032.jpg,0
2036.jpg,0
2038.jpg,0
2039.jpg,0
204.jpg,1
2040.jpg,0
2041.jpg,0
2043.jpg,0
2044.jpg,0
2045.jpg,0
2046.jpg,0
2047.jpg,0
2048.jpg,0
2049.jpg,0
2051.jpg,0
2052.jpg,0
2053.jpg,0
2054.jpg,0
2056.jpg,0
206.jpg,1
2061.jpg,0
2062.jpg,0
2063.jpg,0
2064.jpg,0
2065.jpg,1
2066.jpg,1
2068.jpg,1
207.jpg,1
2070.jpg,1
2071.jpg,1
2072.jpg,1
2073.jpg,1
2075.jpg,1
2076.jpg,1
2077.jpg,1
2078.jpg,1
208.jpg,1
2081.jpg,1
2083.jpg,1
2084.jpg,1
2085.jpg,1
2086.jpg,1
2088.jpg,1
2089.jpg,1
2091.jpg,0
2093.jpg,0
2094.jpg,0
2095.jpg,0
2097.jpg,0
2098.jpg,0
210.jpg,1
2100.jpg,0
2101.jpg,0
2102.jpg,0
2103.jpg,0
2104.jpg,0
2106.jpg,0
2108.jpg,0
2109.jpg,0
211.jpg,1
2110.jpg,0
2111.jpg,0
2114.jpg,0
2115.jpg,0
2116.jpg,0
2117.jpg,0
2118.jpg,0
2121.jpg,1
2122.jpg,1
2123.jpg,1
2125.jpg,1
2129.jpg,1
213.jpg,1
2130.jpg,1
2131.jpg,1
2132.jpg,1
2134.jpg,1
2135.jpg,1
2136.jpg,1
2137.jpg,1
2138.jpg,1
214.jpg,1
2140.jpg,1
2141.jpg,1
2142.jpg,1
2143.jpg,1
2145.jpg,1
2147.jpg,1
2149.jpg,1
215.jpg,1
2150.jpg,1
2151.jpg,1
2152.jpg,1
2153.jpg,1
2154.jpg,1
2155.jpg,1
2156.jpg,1
2159.jpg,1
216.jpg,1
2160.jpg,1
2161.jpg,1
2164.jpg,1
2165.jpg,1
2166.jpg,1
2169.jpg,1
217.jpg,1
2170.jpg,1
2172.jpg,1
2174.jpg,1
2175.jpg,1
2176.jpg,1
2177.jpg,1
2178.jpg,1
2179.jpg,1
218.jpg,1
2180.jpg,1
2182.jpg,1
2183.jpg,1
2184.jpg,1
2185.jpg,1
2186.jpg,1
2187.jpg,1
2188.jpg,1
2189.jpg,1
219.jpg,1
2190.jpg,1
2193.jpg,1
2197.jpg,1
2198.jpg,1
2199.jpg,1
22.jpg,1
220.jpg,1
2201.jpg,1
2202.jpg,1
2203.jpg,1
2206.jpg,1
2208.jpg,1
2209.jpg,1
221.jpg,1
2210.jpg,1
2211.jpg,1
2212.jpg,1
2213.jpg,1
2214.jpg,1
2215.jpg,1
2218.jpg,1
222.jpg,1
2221.jpg,0
2224.jpg,1
2226.jpg,1
2227.jpg,1
2229.jpg,1
223.jpg,1
2230.jpg,1
2233.jpg,1
2235.jpg,1
2236.jpg,1
2237.jpg,1
2238.jpg,1
2240.jpg,1
2241.jpg,1
2242.jpg,1
2244.jpg,1
2245.jpg,1
2247.jpg,1
2248.jpg,1
2249.jpg,1
225.jpg,1
2250.jpg,1
2251.jpg,1
2252.jpg,1
2253.jpg,1
2254.jpg,1
2256.jpg,1
2257.jpg,1
226.jpg,1
2260.jpg,1
2261.jpg,1
2262.jpg,1
2263.jpg,1
2264.jpg,1
2268.jpg,1
2269.jpg,1
227.jpg,1
2271.jpg,1
2272.jpg,1
2273.jpg,1
2274.jpg,1
2277.jpg,1
2278.jpg,1
2279.jpg,1
228.jpg,1
2280.jpg,1
2284.jpg,0
2285.jpg,0
2286.jpg,0
2289.jpg,0
229.jpg,1
2291.jpg,0
2294.jpg,0
2295.jpg,0
2296.jpg,0
2297.jpg,0
2298.jpg,0
2299.jpg,0
23.jpg,1
2302.jpg,0
2304.jpg,0
2305.jpg,0
2307.jpg,0
2308.jpg,0
231.jpg,1
2311.jpg,0
2312.jpg,0
2313.jpg,0
2315.jpg,0
2316.jpg,0
2317.jpg,0
2318.jpg,0
2319.jpg,0
2320.jpg,0
2321.jpg,0
2324.jpg,0
2325.jpg,0
2326.jpg,0
2329.jpg,0
233.jpg,1
2330.jpg,0
2331.jpg,0
2333.jpg,0
2334.jpg,0
2335.jpg,0
2336.jpg,0
2337.jpg,0
2338.jpg,0
2339.jpg,0
234.jpg,1
2342.jpg,0
2344.jpg,0
2347.jpg,0
2349.jpg,0
235.jpg,1
2350.jpg,0
2352.jpg,0
2353.jpg,0
2354.jpg,0
2355.jpg,0
2356.jpg,0
2357.jpg,0
2359.jpg,0
236.jpg,1
2361.jpg,0
2362.jpg,0
2363.jpg,0
2364.jpg,0
2365.jpg,0
2366.jpg,0
2367.jpg,0
2368.jpg,0
2369.jpg,0
237.jpg,1
2370.jpg,0
2372.jpg,0
2373.jpg,0
2375.jpg,0
2376.jpg,0
2378.jpg,0
2379.jpg,0
238.jpg,1
2380.jpg,0
2381.jpg,0
2382.jpg,0
2383.jpg,0
2384.jpg,0
2385.jpg,0
2389.jpg,0
239.jpg,1
2390.jpg,0
2391.jpg,0
2392.jpg,0
2393.jpg,0
2396.jpg,0
2397.jpg,0
2398.jpg,0
24.jpg,1
240.jpg,1
2400.jpg,0
2401.jpg,0
2402.jpg,0
2404.jpg,0
2405.jpg,0
2407.jpg,0
2408.jpg,0
241.jpg,1
2411.jpg,0
2412.jpg,0
2415.jpg,0
2417.jpg,0
2419.jpg,0
2421.jpg,0
2422.jpg,0
2423.jpg,0
2424.jpg,0
2425.jpg,0
2426.jpg,0
2429.jpg,0
243.jpg,0
2432.jpg,0
2433.jpg,0
2434.jpg,0
2435.jpg,0
2436.jpg,0
2437.jpg,0
244.jpg,0
2440.jpg,0
2441.jpg,0
2442.jpg,0
2443.jpg,0
2444.jpg,0
2445.jpg,0
2446.jpg,0
2449.jpg,0
2450.jpg,0
2451.jpg,0
2452.jpg,0
2454.jpg,0
2458.jpg,0
2459.jpg,0
246.jpg,0
2460.jpg,0
2462.jpg,0
2464.jpg,0
2465.jpg,0
2466.jpg,0
2467.jpg,0
2469.jpg,0
247.jpg,0
2470.jpg,0
2471.jpg,0
2472.jpg,0
2475.jpg,0
2476.jpg,0
2477.jpg,0
2479.jpg,0
248.jpg,0
2480.jpg,0
2481.jpg,0
2484.jpg,0
2485.jpg,0
2488.jpg,0
249.jpg,0
2490.jpg,0
2491.jpg,0
2492.jpg,0
2494.jpg,0
2496.jpg,0
2498.jpg,0
2499.jpg,0
25.jpg,1
250.jpg,0
2500.jpg,0
2501.jpg,0
2503.jpg,0
2504.jpg,0
2506.jpg,0
2507.jpg,0
2508.jpg,0
251.jpg,0
2510.jpg,0
2511.jpg,0
2512.jpg,0
2513.jpg,0
2514.jpg,0
2515.jpg,0
2518.jpg,0
2519.jpg,0
2520.jpg,0
2521.jpg,0
2522.jpg,0
2523.jpg,0
2524.jpg,0
2526.jpg,0
2527.jpg,0
2528.jpg,0
2529.jpg,0
2531.jpg,0
2532.jpg,1
2533.jpg,1
2534.jpg,1
2535.jpg,1
2536.jpg,1
2539.jpg,1
2540.jpg,1
2542.jpg,1
2543.jpg,1
2544.jpg,1
2545.jpg,1
2546.jpg,1
2547.jpg,1
2548.jpg,1
2549.jpg,1
255.jpg,0
2550.jpg,1
2552.jpg,1
2554.jpg,1
2556.jpg,1
2558.jpg,1
2559.jpg,1
256.jpg,0
2560.jpg,1
2561.jpg,1
2562.jpg,1
2564.jpg,1
2566.jpg,1
2567.jpg,1
2568.jpg,1
2569.jpg,1
257.jpg,0
2570.jpg,1
2573.jpg,1
2577.jpg,1
2578.jpg,1
2580.jpg,1
2581.jpg,1
2582.jpg,1
2585.jpg,1
2586.jpg,1
2587.jpg,1
2589.jpg,1
259.jpg,0
2590.jpg,1
2591.jpg,1
2592.jpg,1
2595.jpg,1
2596.jpg,1
2597.jpg,1
2598.jpg,1
2599.jpg,1
260.jpg,0
2600.jpg,1
2601.jpg,0
2602.jpg,0
2603.jpg,1
2604.jpg,1
2605.jpg,1
2607.jpg,1
2608.jpg,1
2609.jpg,1
261.jpg,0
2610.jpg,1
2611.jpg,1
2612.jpg,1
2613.jpg,1
2614.jpg,1
2615.jpg,1
2616.jpg,1
2617.jpg,1
2618.jpg,1
2619.jpg,1
262.jpg,0
2621.jpg,1
2622.jpg,1
2623.jpg,1
2625.jpg,1
2626.jpg,1
2627.jpg,1
2628.jpg,1
2629.jpg,1
2630.jpg,1
2631.jpg,1
2632.jpg,1
2633.jpg,1
2635.jpg,1
2637.jpg,1
2639.jpg,1
264.jpg,0
2640.jpg,1
2641.jpg,1
2642.jpg,1
2643.jpg,1
2644.jpg,1
2645.jpg,1
2646.jpg,1
2648.jpg,1
265.jpg,0
2650.jpg,1
2651.jpg,1
2652.jpg,1
2653.jpg,1
2654.jpg,1
2655.jpg,1
2656.jpg,1
2657.jpg,1
2659.jpg,1
266.jpg,0
2660.jpg,1
2663.jpg,1
2664.jpg,0
2667.jpg,0
2669.jpg,0
267.jpg,0
2670.jpg,0
2671.jpg,0
2672.jpg,0
2673.jpg,0
2674.jpg,0
2675.jpg,0
2676.jpg,0
2677.jpg,0
2679.jpg,0
268.jpg,0
2680.jpg,0
2681.jpg,0
2682.jpg,0
2687.jpg,0
269.jpg,0
2690.jpg,0
2691.jpg,0
2692.jpg,0
2693.jpg,0
2694.jpg,0
2699.jpg,0
27.jpg,1
270.jpg,0
2702.jpg,0
2703.jpg,0
2704.jpg,0
2705.jpg,0
2707.jpg,0
2708.jpg,0
2709.jpg,0
271.jpg,0
2712.jpg,0
2713.jpg,0
2714.jpg,0
2715.jpg,0
2716.jpg,0
2717.jpg,0
2718.jpg,0
2719.jpg,0
272.jpg,0
2720.jpg,0
2721.jpg,0
2722.jpg,0
2723.jpg,0
2725.jpg,0
2726.jpg,0
2727.jpg,0
2728.jpg,0
2729.jpg,0
2730.jpg,0
2731.jpg,0
2734.jpg,0
2735.jpg,0
2736.jpg,0
2737.jpg,0
2738.jpg,0
274.jpg,0
2740.jpg,0
2741.jpg,0
2743.jpg,0
2744.jpg,0
2745.jpg,0
2746.jpg,0
2747.jpg,0
2748.jpg,0
275.jpg,0
2750.jpg,0
2751.jpg,0
2752.jpg,0
2758.jpg,0
2760.jpg,0
2761.jpg,0
2762.jpg,0
2763.jpg,0
2764.jpg,0
2765.jpg,0
2767.jpg,0
2768.jpg,0
2769.jpg,0
277.jpg,0
2770.jpg,0
2773.jpg,0
2774.jpg,0
2775.jpg,0
2777.jpg,0
2778.jpg,0
2780.jpg,0
2781.jpg,0
2782.jpg,0
2784.jpg,0
2786.jpg,0
2787.jpg,0
2788.jpg,0
2789.jpg,0
279.jpg,0
2790.jpg,0
2791.jpg,0
2792.jpg,0
2793.jpg,0
2795.jpg,0
2796.jpg,0
2797.jpg,0
2799.jpg,0
2800.jpg,0
2801.jpg,0
2802.jpg,0
2803.jpg,0
2804.jpg,0
2805.jpg,0
2806.jpg,0
2808.jpg,0
281.jpg,0
2810.jpg,0
2811.jpg,0
2812.jpg,0
2813.jpg,0
2816.jpg,0
2817.jpg,0
2818.jpg,0
2819.jpg,0
2821.jpg,0
2822.jpg,0
2823.jpg,0
2824.jpg,0
2825.jpg,0
2826.jpg,0
2827.jpg,0
2828.jpg,0
2829.jpg,0
2830.jpg,0
2831.jpg,0
2832.jpg,0
2834.jpg,0
2835.jpg,0
2836.jpg,0
2837.jpg,0
2838.jpg,0
2839.jpg,0
284.jpg,0
2840.jpg,0
2841.jpg,0
2843.jpg,0
2844.jpg,0
2845.jpg,0
2847.jpg,0
2848.jpg,0
2849.jpg,0
2850.jpg,0
2853.jpg,0
2856.jpg,0
2857.jpg,0
2858.jpg,0
2859.jpg,0
286.jpg,0
2862.jpg,0
2863.jpg,0
2864.jpg,0
2866.jpg,0
2867.jpg,0
287.jpg,0
2870.jpg,0
2871.jpg,0
2872.jpg,0
2873.jpg,0
2874.jpg,0
2875.jpg,0
2876.jpg,0
2877.jpg,0
2880.jpg,0
2881.jpg,0
2884.jpg,0
2885.jpg,0
2886.jpg,0
2888.jpg,0
2889.jpg,0
289.jpg,0
2891.jpg,1
2892.jpg,1
2895.jpg,1
2896.jpg,1
2899.jpg,1
29.jpg,1
290.jpg,0
2903.jpg,1
2905.jpg,1
2907.jpg,1
2909.jpg,1
291.jpg,0
2911.jpg,1
2912.jpg,1
2914.jpg,1
2915.jpg,1
2916.jpg,1
2917.jpg,1
2918.jpg,1
2919.jpg,1
292.jpg,0
2921.jpg,1
2922.jpg,1
2923.jpg,1
2926.jpg,1
2927.jpg,1
2929.jpg,1
2930.jpg,1
2931.jpg,1
2932.jpg,1
2933.jpg,1
2935.jpg,1
2936.jpg,1
2937.jpg,1
2938.jpg,1
2940.jpg,1
2942.jpg,1
2947.jpg,1
2948.jpg,1
2949.jpg,1
2950.jpg,1
2952.jpg,1
2953.jpg,1
2954.jpg,1
2955.jpg,1
2956.jpg,1
2957.jpg,1
2958.jpg,1
2959.jpg,1
2960.jpg,1
2962.jpg,0
2963.jpg,1
2964.jpg,1
2965.jpg,1
2967.jpg,1
297.jpg,0
2970.jpg,1
2971.jpg,1
2972.jpg,1
2975.jpg,1
2979.jpg,1
298.jpg,0
2980.jpg,1
2982.jpg,1
2983.jpg,1
2984.jpg,1
2986.jpg,1
2987.jpg,1
2988.jpg,1
2989.jpg,1
2990.jpg,1
2991.jpg,1
2992.jpg,1
2994.jpg,1
2995.jpg,1
2996.jpg,1
2997.jpg,1
2998.jpg,1
30.jpg,1
3001.jpg,1
3002.jpg,1
3003.jpg,1
3004.jpg,1
3005.jpg,1
3008.jpg,1
301.jpg,0
3010.jpg,1
3011.jpg,1
3013.jpg,1
3014.jpg,1
3015.jpg,1
3016.jpg,1
3017.jpg,1
3018.jpg,1
3019.jpg,1
302.jpg,0
3021.jpg,1
3023.jpg,1
3024.jpg,1
3025.jpg,1
3030.jpg,1
3033.jpg,1
3034.jpg,1
3036.jpg,1
3039.jpg,1
304.jpg,0
3040.jpg,1
3041.jpg,1
3042.jpg,1
3044.jpg,1
3045.jpg,1
3046.jpg,1
3048.jpg,1
3049.jpg,0
305.jpg,0
3050.jpg,0
3051.jpg,0
3052.jpg,0
3053.jpg,0
3054.jpg,0
3055.jpg,0
3056.jpg,0
3059.jpg,0
306.jpg,0
3060.jpg,0
3061.jpg,0
3062.jpg,0
3063.jpg,0
3064.jpg,0
3067.jpg,0
3070.jpg,0
3071.jpg,0
3076.jpg,0
3077.jpg,0
3078.jpg,0
308.jpg,0
3080.jpg,0
3081.jpg,0
3082.jpg,0
3085.jpg,0
3088.jpg,0
309.jpg,0
3092.jpg,0
3094.jpg,0
3095.jpg,0
3097.jpg,0
3098.jpg,0
3099.jpg,0
31.jpg,1
310.jpg,0
3100.jpg,0
3101.jpg,0
3102.jpg,0
3103.jpg,0
3104.jpg,0
3105.jpg,0
3107.jpg,0
3109.jpg,0
311.jpg,0
3110.jpg,0
3111.jpg,0
3113.jpg,0
3114.jpg,0
3115.jpg,0
3116.jpg,0
3117.jpg,0
312.jpg,0
3120.jpg,0
3121.jpg,0
3125.jpg,0
3127.jpg,0
3128.jpg,0
3129.jpg,0
313.jpg,0
3131.jpg,0
3134.jpg,0
3136.jpg,0
3138.jpg,0
314.jpg,0
3140.jpg,0
3142.jpg,0
3143.jpg,0
3144.jpg,0
3145.jpg,0
3146.jpg,0
3148.jpg,0
315.jpg,0
3150.jpg,0
3151.jpg,0
3152.jpg,0
3153.jpg,0
3154.jpg,0
3156.jpg,0
3157.jpg,0
3158.jpg,0
3159.jpg,0
316.jpg,0
3160.jpg,0
3161.jpg,0
3162.jpg,0
3163.jpg,0
3165.jpg,0
3166.jpg,0
3167.jpg,0
3169.jpg,0
317.jpg,0
3171.jpg,0
3173.jpg,0
3174.jpg,0
3176.jpg,0
3177.jpg,0
3178.jpg,0
318.jpg,0
3180.jpg,0
3182.jpg,0
3183.jpg,0
3185.jpg,0
3186.jpg,0
3187.jpg,0
3188.jpg,0
3189.jpg,0
3190.jpg,0
3192.jpg,0
3193.jpg,0
3195.jpg,0
3197.jpg,0
3198.jpg,0
3199.jpg,0
32.jpg,1
3200.jpg,0
3202.jpg,0
3203.jpg,0
3204.jpg,0
3205.jpg,0
3206.jpg,0
3208.jpg,0
321.jpg,0
3210.jpg,0
3211.jpg,0
3212.jpg,0
3213.jpg,0
3214.jpg,0
3215.jpg,0
3216.jpg,1
3217.jpg,1
3218.jpg,1
3219.jpg,1
322.jpg,0
3220.jpg,1
3221.jpg,1
3222.jpg,1
3223.jpg,1
3224.jpg,1
3226.jpg,1
3228.jpg,1
323.jpg,0
3231.jpg,1
3233.jpg,1
3234.jpg,1
3235.jpg,1
3236.jpg,1
3238.jpg,1
3239.jpg,1
324.jpg,0
3240.jpg,0
3241.jpg,0
3242.jpg,0
3243.jpg,0
3245.jpg,0
3246.jpg,0
3247.jpg,0
3248.jpg,0
3249.jpg,0
3250.jpg,0
3252.jpg,0
3253.jpg,0
3254.jpg,0
3256.jpg,0
3257.jpg,0
3258.jpg,0
3259.jpg,0
326.jpg,0
3260.jpg,0
3263.jpg,0
3264.jpg,0
3265.jpg,0
3266.jpg,0
3267.jpg,0
3269.jpg,1
3270.jpg,1
3271.jpg,1
3272.jpg,1
3274.jpg,1
3275.jpg,1
3276.jpg,1
3277.jpg,1
3278.jpg,1
3279.jpg,1
328.jpg,0
3280.jpg,1
3281.jpg,1
3283.jpg,1
3284.jpg,1
3285.jpg,1
3286.jpg,1
3287.jpg,1
3288.jpg,1
3290.jpg,1
3291.jpg,1
3293.jpg,1
3294.jpg,1
3295.jpg,1
3296.jpg,1
3298.jpg,1
3299.jpg,1
33.jpg,1
330.jpg,0
3301.jpg,1
3304.jpg,1
3306.jpg,1
3308.jpg,1
3309.jpg,1
3311.jpg,1
3312.jpg,1
3313.jpg,1
3314.jpg,1
3315.jpg,1
3316.jpg,1
3317.jpg,1
3318.jpg,1
3319.jpg,1
3321.jpg,1
3322.jpg,1
3323.jpg,1
3324.jpg,1
3325.jpg,1
3327.jpg,1
3329.jpg,1
3331.jpg,1
3332.jpg,1
3333.jpg,1
3335.jpg,1
3336.jpg,1
3337.jpg,1
3338.jpg,1
3341.jpg,1
3342.jpg,1
3343.jpg,1
3346.jpg,1
3347.jpg,1
3349.jpg,1
3350.jpg,1
3351.jpg,1
3352.jpg,1
3353.jpg,1
3355.jpg,1
3356.jpg,1
3357.jpg,1
336.jpg,0
3361.jpg,1
3362.jpg,1
3363.jpg,1
3364.jpg,1
3366.jpg,1
3369.jpg,1
337.jpg,0
3370.jpg,1
3372.jpg,1
3374.jpg,1
3375.jpg,1
3377.jpg,1
3378.jpg,1
3380.jpg,1
3381.jpg,1
3382.jpg,1
3383.jpg,1
3384.jpg,1
3385.jpg,1
3386.jpg,1
3390.jpg,1
3391.jpg,1
3392.jpg,1
3393.jpg,1
3394.jpg,1
3395.jpg,1
3396.jpg,1
34.jpg,1
340.jpg,0
3400.jpg,1
3402.jpg,1
3403.jpg,1
3404.jpg,1
3405.jpg,1
3408.jpg,1
341.jpg,0
3410.jpg,1
3411.jpg,1
3412.jpg,1
3413.jpg,1
3414.jpg,1
3415.jpg,1
3417.jpg,1
3421.jpg,1
3422.jpg,1
3423.jpg,1
3424.jpg,1
3425.jpg,1
3427.jpg,1
3428.jpg,1
3429.jpg,1
3430.jpg,1
3431.jpg,1
3432.jpg,1
3433.jpg,1
3435.jpg,1
3436.jpg,1
3437.jpg,1
3439.jpg,1
344.jpg,0
3440.jpg,1
3441.jpg,1
3442.jpg,1
3443.jpg,1
3444.jpg,1
3445.jpg,1
3446.jpg,1
3447.jpg,1
3449.jpg,1
345.jpg,0
3450.jpg,1
3451.jpg,1
3453.jpg,1
3454.jpg,1
3455.jpg,1
3457.jpg,1
3458.jpg,1
3459.jpg,1
346.jpg,0
3461.jpg,1
3462.jpg,1
3463.jpg,1
3465.jpg,1
3466.jpg,1
3467.jpg,1
3469.jpg,1
347.jpg,0
3472.jpg,1
3475.jpg,1
3477.jpg,1
3478.jpg,1
348.jpg,0
3481.jpg,1
3482.jpg,1
3484.jpg,1
3486.jpg,1
3487.jpg,1
3488.jpg,1
3489.jpg,1
3490.jpg,1
3491.jpg,1
3492.jpg,1
3494.jpg,1
3496.jpg,1
3497.jpg,1
3498.jpg,1
3499.jpg,1
3501.jpg,1
3503.jpg,1
3504.jpg,1
3506.jpg,1
3507.jpg,1
3508.jpg,1
351.jpg,0
3511.jpg,1
3513.jpg,1
3514.jpg,1
3518.jpg,0
3519.jpg,0
352.jpg,0
3520.jpg,0
3521.jpg,0
3522.jpg,0
3523.jpg,0
3525.jpg,0
3526.jpg,0
3529.jpg,0
353.jpg,0
3530.jpg,0
3531.jpg,0
3532.jpg,0
3535.jpg,1
3537.jpg,1
3538.jpg,1
3539.jpg,1
3540.jpg,1
3541.jpg,1
3547.jpg,1
3548.jpg,1
3549.jpg,0
355.jpg,0
3550.jpg,0
3553.jpg,0
3554.jpg,0
3555.jpg,0
3557.jpg,0
3558.jpg,0
3559.jpg,0
356.jpg,0
3561.jpg,1
3562.jpg,1
3563.jpg,1
3565.jpg,1
3567.jpg,1
3569.jpg,1
357.jpg,0
3570.jpg,1
3571.jpg,1
3572.jpg,1
3576.jpg,0
3577.jpg,0
3578.jpg,0
3579.jpg,0
358.jpg,0
3580.jpg,0
3581.jpg,0
3583.jpg,0
3584.jpg,0
3585.jpg,0
3586.jpg,0
3587.jpg,0
3588.jpg,0
3589.jpg,0
359.jpg,0
3591.jpg,1
3593.jpg,1
3594.jpg,1
3595.jpg,1
3596.jpg,1
3598.jpg,1
3599.jpg,1
36.jpg,1
360.jpg,0
3600.jpg,1
3601.jpg,1
3602.jpg,0
3603.jpg,0
3604.jpg,0
3605.jpg,0
3607.jpg,0
3608.jpg,0
3609.jpg,0
361.jpg,0
3610.jpg,0
3611.jpg,0
3613.jpg,0
3614.jpg,0
3616.jpg,0
3617.jpg,0
3619.jpg,0
3620.jpg,0
3621.jpg,0
3623.jpg,0
3624.jpg,0
3626.jpg,0
3627.jpg,0
3628.jpg,0
3629.jpg,0
363.jpg,0
3631.jpg,0
3632.jpg,0
3633.jpg,0
3635.jpg,0
3636.jpg,0
3637.jpg,0
3638.jpg,0
3639.jpg,0
364.jpg,0
3640.jpg,0
3642.jpg,0
3643.jpg,0
3645.jpg,0
3646.jpg,0
3647.jpg,0
3648.jpg,0
3650.jpg,0
3652.jpg,0
3655.jpg,0
3656.jpg,0
3657.jpg,0
3658.jpg,0
3660.jpg,0
3661.jpg,0
3662.jpg,0
3664.jpg,0
3665.jpg,0
3666.jpg,0
3667.jpg,0
3668.jpg,0
3669.jpg,0
367.jpg,0
3670.jpg,0
3671.jpg,0
3672.jpg,0
3673.jpg,0
3674.jpg,0
3676.jpg,0
3677.jpg,0
3678.jpg,0
3679.jpg,0
368.jpg,0
3681.jpg,0
3682.jpg,0
3683.jpg,0
3684.jpg,0
3686.jpg,0
3688.jpg,0
3689.jpg,0
3690.jpg,0
3691.jpg,0
3692.jpg,0
3693.jpg,0
3694.jpg,0
3696.jpg,0
3697.jpg,0
3699.jpg,0
37.jpg,1
3700.jpg,0
3701.jpg,0
3702.jpg,0
3703.jpg,0
3704.jpg,0
3705.jpg,0
3706.jpg,0
3708.jpg,0
3709.jpg,0
3710.jpg,0
3711.jpg,0
3712.jpg,0
372.jpg,1
3721.jpg,0
3722.jpg,0
3723.jpg,0
3725.jpg,0
3726.jpg,0
3727.jpg,0
3728.jpg,0
3729.jpg,0
373.jpg,1
3732.jpg,0
3734.jpg,0
3735.jpg,0
3736.jpg,0
3737.jpg,0
3738.jpg,0
374.jpg,1
3741.jpg,0
3742.jpg,0
3744.jpg,0
3746.jpg,0
3747.jpg,0
3748.jpg,0
3749.jpg,0
375.jpg,1
3750.jpg,0
3751.jpg,0
3752.jpg,0
3753.jpg,0
3754.jpg,0
3756.jpg,0
3757.jpg,0
3759.jpg,0
3761.jpg,0
3762.jpg,0
3763.jpg,0
3764.jpg,0
3765.jpg,0
3766.jpg,0
3768.jpg,0
3769.jpg,0
377.jpg,1
3770.jpg,0
3772.jpg,0
3773.jpg,0
3775.jpg,0
3780.jpg,1
3781.jpg,1
3782.jpg,1
3783.jpg,1
3785.jpg,1
3786.jpg,1
3787.jpg,1
3788.jpg,1
3790.jpg,1
3791.jpg,1
3792.jpg,1
3793.jpg,1
3795.jpg,1
3796.jpg,1
3797.jpg,1
3798.jpg,1
3799.jpg,1
38.jpg,1
380.jpg,1
3801.jpg,1
3802.jpg,1
3804.jpg,0
3809.jpg,0
381.jpg,1
3810.jpg,0
3811.jpg,0
3812.jpg,0
3813.jpg,0
3815.jpg,0
3816.jpg,0
3818.jpg,0
3819.jpg,0
382.jpg,1
3823.jpg,0
3825.jpg,0
3826.jpg,0
3827.jpg,0
3829.jpg,0
3830.jpg,0
3831.jpg,0
3832.jpg,0
3833.jpg,1
3834.jpg,1
3835.jpg,1
3836.jpg,1
3838.jpg,1
3839.jpg,1
384.jpg,1
3841.jpg,1
3844.jpg,1
3846.jpg,1
3847.jpg,1
385.jpg,1
3850.jpg,1
3851.jpg,1
3852.jpg,1
3853.jpg,1
3854.jpg,1
3855.jpg,1
3856.jpg,1
3858.jpg,1
386.jpg,1
3860.jpg,1
3862.jpg,1
3863.jpg,1
3864.jpg,1
3865.jpg,1
3866.jpg,1
3867.jpg,1
3868.jpg,1
3869.jpg,1
387.jpg,1
3870.jpg,1
3872.jpg,1
3873.jpg,1
3874.jpg,1
3876.jpg,1
3878.jpg,1
3879.jpg,1
388.jpg,1
3881.jpg,1
3882.jpg,1
3883.jpg,1
3889.jpg,1
389.jpg,1
3890.jpg,1
3891.jpg,1
3892.jpg,1
3893.jpg,1
3895.jpg,1
3897.jpg,1
3898.jpg,1
39.jpg,1
390.jpg,1
3900.jpg,1
3901.jpg,1
3904.jpg,1
3905.jpg,1
3906.jpg,1
3907.jpg,1
391.jpg,1
3910.jpg,1
3911.jpg,1
3912.jpg,1
3913.jpg,1
3914.jpg,1
3918.jpg,1
3919.jpg,1
392.jpg,0
3920.jpg,1
3921.jpg,1
3922.jpg,1
3923.jpg,1
3924.jpg,1
3925.jpg,1
3926.jpg,1
3927.jpg,1
393.jpg,0
3930.jpg,1
3934.jpg,1
3935.jpg,1
3936.jpg,1
3937.jpg,1
3938.jpg,1
3939.jpg,1
394.jpg,0
3940.jpg,1
3941.jpg,1
3942.jpg,1
3946.jpg,1
3948.jpg,1
3949.jpg,1
395.jpg,0
3950.jpg,1
3951.jpg,1
3952.jpg,1
3953.jpg,1
3954.jpg,1
3956.jpg,1
3957.jpg,1
3958.jpg,1
396.jpg,0
3960.jpg,1
3961.jpg,1
3963.jpg,1
3965.jpg,1
3966.jpg,1
3967.jpg,1
3968.jpg,1
397.jpg,0
3972.jpg,1
3973.jpg,1
3974.jpg,1
3975.jpg,1
3976.jpg,1
3977.jpg,1
3978.jpg,1
398.jpg,0
3981.jpg,1
3982.jpg,1
3983.jpg,1
3984.jpg,1
3986.jpg,1
3987.jpg,1
3989.jpg,1
399.jpg,0
3994.jpg,1
3995.jpg,1
3997.jpg,1
4000.jpg,1
4002.jpg,1
4003.jpg,1
4006.jpg,1
4007.jpg,1
4009.jpg,1
401.jpg,0
4011.jpg,1
4012.jpg,1
4013.jpg,1
4015.jpg,1
4016.jpg,1
4017.jpg,1
4018.jpg,1
402.jpg,0
4020.jpg,1
4021.jpg,1
4022.jpg,1
4023.jpg,1
4025.jpg,0
4026.jpg,0
4027.jpg,0
4030.jpg,0
4031.jpg,0
4032.jpg,0
4033.jpg,0
4034.jpg,0
4035.jpg,0
4037.jpg,0
4040.jpg,0
4041.jpg,0
4044.jpg,0
4045.jpg,0
4046.jpg,0
4047.jpg,0
4049.jpg,0
405.jpg,0
4050.jpg,0
4052.jpg,0
4053.jpg,0
4054.jpg,0
4056.jpg,0
4058.jpg,0
406.jpg,0
4060.jpg,0
4061.jpg,0
4064.jpg,0
4065.jpg,0
4068.jpg,0
4069.jpg,0
407.jpg,0
4073.jpg,0
4074.jpg,0
4075.jpg,0
4076.jpg,0
4077.jpg,0
4078.jpg,0
4079.jpg,0
408.jpg,0
4081.jpg,0
4082.jpg,0
4085.jpg,0
4086.jpg,0
4088.jpg,0
409.jpg,0
4092.jpg,0
4095.jpg,0
4097.jpg,0
4098.jpg,0
41.jpg,1
410.jpg,0
4100.jpg,0
4101.jpg,0
4102.jpg,0
4103.jpg,0
4108.jpg,0
4109.jpg,0
411.jpg,0
4111.jpg,0
4112.jpg,0
4114.jpg,0
4115.jpg,0
4118.jpg,0
412.jpg,0
4120.jpg,0
4121.jpg,0
4122.jpg,0
4123.jpg,0
4124.jpg,0
4125.jpg,0
4126.jpg,0
4127.jpg,0
4128.jpg,0
4129.jpg,0
413.jpg,0
4130.jpg,0
4132.jpg,0
4133.jpg,0
4135.jpg,0
4136.jpg,0
4137.jpg,0
4139.jpg,0
4140.jpg,0
4141.jpg,0
4143.jpg,0
4145.jpg,0
4146.jpg,0
4147.jpg,0
4148.jpg,0
4149.jpg,0
4151.jpg,0
4152.jpg,0
4154.jpg,0
4157.jpg,0
4159.jpg,0
4160.jpg,0
4161.jpg,0
4162.jpg,0
4163.jpg,0
4164.jpg,0
4166.jpg,0
4167.jpg,0
4168.jpg,0
4170.jpg,0
4173.jpg,0
4175.jpg,0
4176.jpg,0
4179.jpg,0
418.jpg,0
4180.jpg,0
4182.jpg,0
4183.jpg,0
4185.jpg,0
4187.jpg,0
4188.jpg,0
4190.jpg,0
4191.jpg,0
4192.jpg,0
4195.jpg,1
4196.jpg,1
4198.jpg,1
4199.jpg,1
42.jpg,0
420.jpg,0
4200.jpg,1
4202.jpg,1
4203.jpg,1
4206.jpg,1
4208.jpg,1
4209.jpg,1
4211.jpg,1
4213.jpg,1
4216.jpg,1
4217.jpg,0
4218.jpg,0
4221.jpg,0
4223.jpg,0
4224.jpg,0
4226.jpg,0
4227.jpg,0
4228.jpg,0
4230.jpg,0
4231.jpg,0
4232.jpg,0
4233.jpg,0
4235.jpg,0
4237.jpg,0
4238.jpg,0
4239.jpg,0
424.jpg,0
4241.jpg,0
4243.jpg,0
4246.jpg,0
425.jpg,0
4250.jpg,0
4251.jpg,1
4254.jpg,1
4255.jpg,1
4257.jpg,1
4258.jpg,1
4259.jpg,1
426.jpg,0
4260.jpg,1
4261.jpg,1
4262.jpg,1
4264.jpg,1
4265.jpg,1
4266.jpg,1
4269.jpg,1
427.jpg,1
4270.jpg,1
4271.jpg,1
4272.jpg,1
4273.jpg,1
4274.jpg,1
4275.jpg,1
4277.jpg,1
428.jpg,1
4282.jpg,1
4284.jpg,1
4285.jpg,1
4287.jpg,1
4288.jpg,1
4289.jpg,1
429.jpg,1
4290.jpg,1
4291.jpg,1
4293.jpg,1
4295.jpg,1
4297.jpg,1
4298.jpg,1
43.jpg,0
430.jpg,1
4301.jpg,1
4303.jpg,1
4304.jpg,1
4306.jpg,1
4308.jpg,1
4309.jpg,1
4310.jpg,1
4311.jpg,1
4313.jpg,1
4314.jpg,1
4315.jpg,1
4316.jpg,1
4317.jpg,1
4318.jpg,1
4319.jpg,1
432.jpg,1
4320.jpg,1
4321.jpg,1
4324.jpg,1
4326.jpg,1
4327.jpg,1
4328.jpg,1
4329.jpg,1
4330.jpg,1
4331.jpg,1
4333.jpg,1
4334.jpg,1
4335.jpg,1
4336.jpg,1
4337.jpg,1
4338.jpg,1
4339.jpg,1
434.jpg,1
4341.jpg,1
4343.jpg,1
4344.jpg,1
4346.jpg,1
4347.jpg,1
4348.jpg,1
435.jpg,1
4350.jpg,1
4351.jpg,1
4353.jpg,1
4354.jpg,1
4355.jpg,1
4357.jpg,1
4358.jpg,1
4359.jpg,1
436.jpg,1
4360.jpg,1
4363.jpg,1
4364.jpg,1
4365.jpg,1
4366.jpg,1
4368.jpg,1
4371.jpg,1
4372.jpg,1
4374.jpg,1
4375.jpg,1
4379.jpg,1
438.jpg,1
4380.jpg,1
4381.jpg,1
4383.jpg,1
4384.jpg,1
4385.jpg,1
4387.jpg,1
4388.jpg,1
439.jpg,1
4390.jpg,1
4391.jpg,1
4395.jpg,1
4396.jpg,1
4398.jpg,1
44.jpg,0
4400.jpg,1
4401.jpg,1
4403.jpg,1
4404.jpg,1
4406.jpg,1
4407.jpg,1
4409.jpg,1
441.jpg,1
4413.jpg,1
442.jpg,1
444.jpg,1
445.jpg,1
446.jpg,1
447.jpg,1
448.jpg,1
449.jpg,1
45.jpg,1
451.jpg,1
452.jpg,1
453.jpg,1
455.jpg,1
457.jpg,1
46.jpg,1
461.jpg,1
462.jpg,1
467.jpg,1
47.jpg,1
471.jpg,1
473.jpg,1
476.jpg,1
477.jpg,1
478.jpg,1
48.jpg,1
480.jpg,1
482.jpg,1
483.jpg,1
485.jpg,1
486.jpg,1
487.jpg,1
488.jpg,1
489.jpg,1
49.jpg,1
490.jpg,1
491.jpg,1
492.jpg,1
493.jpg,1
494.jpg,1
496.jpg,1
497.jpg,1
499.jpg,1
5.jpg,1
50.jpg,1
500.jpg,1
501.jpg,1
502.jpg,1
503.jpg,1
507.jpg,1
508.jpg,1
509.jpg,1
511.jpg,1
514.jpg,1
515.jpg,1
516.jpg,1
517.jpg,1
518.jpg,1
519.jpg,1
52.jpg,1
520.jpg,1
521.jpg,1
522.jpg,1
523.jpg,1
527.jpg,1
528.jpg,1
529.jpg,1
532.jpg,1
533.jpg,1
536.jpg,1
537.jpg,1
538.jpg,1
539.jpg,1
54.jpg,1
540.jpg,1
541.jpg,1
544.jpg,1
545.jpg,1
546.jpg,1
548.jpg,1
549.jpg,1
55.jpg,1
550.jpg,1
551.jpg,1
552.jpg,1
553.jpg,1
555.jpg,1
556.jpg,1
557.jpg,1
559.jpg,1
56.jpg,1
560.jpg,1
561.jpg,1
562.jpg,1
563.jpg,1
565.jpg,1
567.jpg,1
568.jpg,1
57.jpg,1
570.jpg,1
573.jpg,1
574.jpg,1
575.jpg,1
576.jpg,1
579.jpg,1
581.jpg,1
583.jpg,1
584.jpg,1
585.jpg,1
586.jpg,1
588.jpg,1
589.jpg,1
590.jpg,1
594.jpg,1
595.jpg,1
596.jpg,1
597.jpg,1
598.jpg,1
60.jpg,1
602.jpg,1
603.jpg,1
604.jpg,1
605.jpg,1
607.jpg,0
609.jpg,0
61.jpg,1
611.jpg,1
612.jpg,1
613.jpg,1
614.jpg,1
615.jpg,1
616.jpg,1
618.jpg,1
619.jpg,1
62.jpg,1
621.jpg,1
623.jpg,1
625.jpg,1
627.jpg,1
63.jpg,1
630.jpg,1
634.jpg,1
635.jpg,1
636.jpg,1
637.jpg,1
638.jpg,1
639.jpg,1
641.jpg,1
643.jpg,1
644.jpg,1
646.jpg,1
647.jpg,1
648.jpg,1
653.jpg,1
654.jpg,1
655.jpg,1
656.jpg,1
657.jpg,1
658.jpg,1
659.jpg,1
66.jpg,1
660.jpg,1
661.jpg,1
662.jpg,1
665.jpg,0
667.jpg,0
669.jpg,0
672.jpg,0
674.jpg,0
675.jpg,0
676.jpg,0
677.jpg,0
678.jpg,0
679.jpg,0
681.jpg,0
682.jpg,0
683.jpg,0
684.jpg,0
686.jpg,0
687.jpg,0
688.jpg,0
689.jpg,0
69.jpg,1
690.jpg,0
691.jpg,0
692.jpg,0
694.jpg,0
695.jpg,0
696.jpg,0
698.jpg,0
699.jpg,0
7.jpg,1
70.jpg,1
700.jpg,0
701.jpg,0
703.jpg,0
704.jpg,0
705.jpg,0
706.jpg,0
707.jpg,0
708.jpg,0
709.jpg,0
710.jpg,0
711.jpg,0
714.jpg,0
715.jpg,0
717.jpg,0
718.jpg,0
719.jpg,0
72.jpg,1
720.jpg,0
722.jpg,0
725.jpg,0
727.jpg,0
728.jpg,0
729.jpg,0
73.jpg,1
730.jpg,0
731.jpg,0
732.jpg,0
733.jpg,0
734.jpg,0
735.jpg,0
737.jpg,0
738.jpg,0
74.jpg,1
740.jpg,0
741.jpg,0
743.jpg,0
745.jpg,0
746.jpg,0
749.jpg,0
750.jpg,0
751.jpg,0
752.jpg,0
753.jpg,0
755.jpg,0
756.jpg,0
759.jpg,0
76.jpg,1
760.jpg,0
761.jpg,0
763.jpg,0
764.jpg,0
766.jpg,0
767.jpg,0
768.jpg,0
769.jpg,0
770.jpg,0
771.jpg,0
772.jpg,0
773.jpg,0
774.jpg,0
775.jpg,0
776.jpg,0
777.jpg,0
778.jpg,0
779.jpg,0
78.jpg,1
780.jpg,0
781.jpg,0
782.jpg,0
783.jpg,0
785.jpg,0
79.jpg,1
790.jpg,0
791.jpg,0
793.jpg,0
794.jpg,0
795.jpg,0
797.jpg,0
798.jpg,0
799.jpg,0
8.jpg,1
80.jpg,1
801.jpg,0
804.jpg,0
805.jpg,0
806.jpg,0
807.jpg,0
810.jpg,0
811.jpg,0
814.jpg,0
815.jpg,0
817.jpg,0
819.jpg,0
82.jpg,1
820.jpg,0
821.jpg,0
822.jpg,0
824.jpg,0
825.jpg,0
826.jpg,0
827.jpg,0
829.jpg,0
83.jpg,1
830.jpg,0
831.jpg,0
832.jpg,0
833.jpg,0
834.jpg,0
835.jpg,0
836.jpg,0
838.jpg,0
839.jpg,0
84.jpg,1
840.jpg,0
841.jpg,0
843.jpg,0
844.jpg,0
845.jpg,0
846.jpg,0
85.jpg,0
850.jpg,0
853.jpg,0
855.jpg,0
856.jpg,0
859.jpg,0
86.jpg,0
860.jpg,0
861.jpg,0
863.jpg,0
864.jpg,0
865.jpg,0
866.jpg,0
867.jpg,0
868.jpg,0
869.jpg,0
87.jpg,0
870.jpg,0
871.jpg,0
872.jpg,0
873.jpg,0
874.jpg,0
875.jpg,0
876.jpg,0
877.jpg,0
878.jpg,0
879.jpg,0
88.jpg,1
880.jpg,0
881.jpg,0
882.jpg,0
885.jpg,1
886.jpg,1
887.jpg,1
888.jpg,1
889.jpg,1
89.jpg,1
890.jpg,1
891.jpg,1
893.jpg,1
897.jpg,1
9.jpg,1
90.jpg,1
900.jpg,1
901.jpg,1
902.jpg,1
903.jpg,1
905.jpg,1
906.jpg,1
907.jpg,1
909.jpg,1
91.jpg,1
910.jpg,1
912.jpg,1
913.jpg,1
914.jpg,1
915.jpg,1
916.jpg,1
917.jpg,1
919.jpg,1
92.jpg,1
922.jpg,1
923.jpg,1
925.jpg,1
926.jpg,1
928.jpg,1
929.jpg,1
93.jpg,1
933.jpg,1
934.jpg,1
935.jpg,1
936.jpg,1
937.jpg,1
939.jpg,1
94.jpg,1
941.jpg,1
942.jpg,1
943.jpg,1
945.jpg,1
947.jpg,1
948.jpg,1
95.jpg,1
950.jpg,1
951.jpg,1
952.jpg,1
953.jpg,1
954.jpg,1
955.jpg,1
957.jpg,1
96.jpg,1
960.jpg,1
963.jpg,1
964.jpg,1
965.jpg,1
966.jpg,1
967.jpg,1
969.jpg,1
97.jpg,1
970.jpg,1
971.jpg,1
972.jpg,1
974.jpg,1
975.jpg,1
976.jpg,1
977.jpg,1
98.jpg,1
980.jpg,1
981.jpg,1
982.jpg,1
983.jpg,1
984.jpg,1
985.jpg,1
986.jpg,1
987.jpg,1
989.jpg,1
99.jpg,1
990.jpg,1
991.jpg,1
992.jpg,1
994.jpg,1
995.jpg,1
996.jpg,1
997.jpg,1
998.jpg,1
